Skill name,Slug,Collection ID,Locale ID,Item ID,Archived,Draft,Created On,Updated On,Published On
Adobe After Effects,adobe-after-effects,6122032eea7a95d320bc26d1,653acf41e882f528b3e64bc3,61c0f3629edc99bde7247cbe,false,false,Mon Dec 20 2021 21:19:30 GMT+0000 (Coordinated Universal Time),Mon Dec 20 2021 21:19:30 GMT+0000 (Coordinated Universal Time),Tue Dec 21 2021 08:17:58 GMT+0000 (Coordinated Universal Time)
Adobe Flash,adobe-flash,6122032eea7a95d320bc26d1,653acf41e882f528b3e64bc3,61c0f368ea84df047a044aea,false,false,Mon Dec 20 2021 21:19:36 GMT+0000 (Coordinated Universal Time),Mon Dec 20 2021 21:19:36 GMT+0000 (Coordinated Universal Time),Tue Dec 21 2021 08:17:58 GMT+0000 (Coordinated Universal Time)
Adobe Fresco,adobe-fresco,6122032eea7a95d320bc26d1,653acf41e882f528b3e64bc3,61c0f53b51bc7e7dc51b372c,false,false,Mon Dec 20 2021 21:27:23 GMT+0000 (Coordinated Universal Time),Mon Dec 20 2021 21:27:23 GMT+0000 (Coordinated Universal Time),Tue Dec 21 2021 08:17:58 GMT+0000 (Coordinated Universal Time)
Adobe Illustrator,adobe-illustrator,6122032eea7a95d320bc26d1,653acf41e882f528b3e64bc3,61c0d8af5a60401f5e508cb2,false,false,Mon Dec 20 2021 19:25:35 GMT+0000 (Coordinated Universal Time),Mon Dec 20 2021 19:25:35 GMT+0000 (Coordinated Universal Time),Tue Dec 21 2021 08:17:58 GMT+0000 (Coordinated Universal Time)
Adobe Photoshop,adobe-photoshop,6122032eea7a95d320bc26d1,653acf41e882f528b3e64bc3,61c0f3d62c8a027013beaae0,false,false,Mon Dec 20 2021 21:21:26 GMT+0000 (Coordinated Universal Time),Mon Dec 20 2021 21:21:26 GMT+0000 (Coordinated Universal Time),Tue Dec 21 2021 08:17:58 GMT+0000 (Coordinated Universal Time)
Adobe XD,adobe-xd,6122032eea7a95d320bc26d1,653acf41e882f528b3e64bc3,61c0d8a5d07d8c0b52954f85,false,false,Mon Dec 20 2021 19:25:25 GMT+0000 (Coordinated Universal Time),Mon Dec 20 2021 19:25:25 GMT+0000 (Coordinated Universal Time),Tue Dec 21 2021 08:17:58 GMT+0000 (Coordinated Universal Time)
Android Studio,android-studio,6122032eea7a95d320bc26d1,653acf41e882f528b3e64bc3,61c18a41dcac3e676bcc4181,false,false,Tue Dec 21 2021 08:03:13 GMT+0000 (Coordinated Universal Time),Tue Dec 21 2021 08:03:13 GMT+0000 (Coordinated Universal Time),Tue Dec 21 2021 08:17:58 GMT+0000 (Coordinated Universal Time)
Android Studo,android-studo,6122032eea7a95d320bc26d1,653acf41e882f528b3e64bc3,61c18a37b1765f79b22f10f9,false,false,Tue Dec 21 2021 08:03:03 GMT+0000 (Coordinated Universal Time),Tue Dec 21 2021 08:03:03 GMT+0000 (Coordinated Universal Time),Tue Dec 21 2021 08:17:58 GMT+0000 (Coordinated Universal Time)
Arduino,arduino,6122032eea7a95d320bc26d1,653acf41e882f528b3e64bc3,61c0ebca093e3feb800563af,false,false,Mon Dec 20 2021 20:47:06 GMT+0000 (Coordinated Universal Time),Mon Dec 20 2021 20:47:06 GMT+0000 (Coordinated Universal Time),Tue Dec 21 2021 08:17:58 GMT+0000 (Coordinated Universal Time)
Bodymovin,bodymovin,6122032eea7a95d320bc26d1,653acf41e882f528b3e64bc3,61c0f35155c40e6b5da92fa4,false,false,Mon Dec 20 2021 21:19:13 GMT+0000 (Coordinated Universal Time),Mon Dec 20 2021 21:19:13 GMT+0000 (Coordinated Universal Time),Tue Dec 21 2021 08:17:58 GMT+0000 (Coordinated Universal Time)
Bookbinding,bookbinding,6122032eea7a95d320bc26d1,653acf41e882f528b3e64bc3,61c185c80d051b4902fef7ef,false,false,Tue Dec 21 2021 07:44:08 GMT+0000 (Coordinated Universal Time),Tue Dec 21 2021 07:44:08 GMT+0000 (Coordinated Universal Time),Tue Dec 21 2021 08:17:58 GMT+0000 (Coordinated Universal Time)
Brand identity,brand-identity,6122032eea7a95d320bc26d1,653acf41e882f528b3e64bc3,61c0f49988c8fa1ac3fc4d20,false,false,Mon Dec 20 2021 21:24:41 GMT+0000 (Coordinated Universal Time),Mon Dec 20 2021 21:24:41 GMT+0000 (Coordinated Universal Time),Tue Dec 21 2021 08:17:58 GMT+0000 (Coordinated Universal Time)
C#,c,6122032eea7a95d320bc26d1,653acf41e882f528b3e64bc3,61c189c95665cd5a8b8976b9,false,false,Tue Dec 21 2021 08:01:13 GMT+0000 (Coordinated Universal Time),Tue Dec 21 2021 08:01:13 GMT+0000 (Coordinated Universal Time),Tue Dec 21 2021 08:17:58 GMT+0000 (Coordinated Universal Time)
Clay sculpting,clay-sculpting,6122032eea7a95d320bc26d1,653acf41e882f528b3e64bc3,61c1869fcfa7d7f90328909f,false,false,Tue Dec 21 2021 07:47:43 GMT+0000 (Coordinated Universal Time),Tue Dec 21 2021 07:47:43 GMT+0000 (Coordinated Universal Time),Tue Dec 21 2021 08:17:58 GMT+0000 (Coordinated Universal Time)
Client communication,client-communication,6122032eea7a95d320bc26d1,653acf41e882f528b3e64bc3,61c0f5fea072cb7a9bc9e24c,false,false,Mon Dec 20 2021 21:30:38 GMT+0000 (Coordinated Universal Time),Mon Dec 20 2021 21:30:38 GMT+0000 (Coordinated Universal Time),Tue Dec 21 2021 08:17:58 GMT+0000 (Coordinated Universal Time)
Co-design,co-design,6122032eea7a95d320bc26d1,653acf41e882f528b3e64bc3,61c0e172850381793bfbc863,false,false,Mon Dec 20 2021 20:02:58 GMT+0000 (Coordinated Universal Time),Mon Dec 20 2021 20:02:58 GMT+0000 (Coordinated Universal Time),Tue Dec 21 2021 08:17:58 GMT+0000 (Coordinated Universal Time)
Concepting,concepting,6122032eea7a95d320bc26d1,653acf41e882f528b3e64bc3,6122034c4030083deb4e0e02,false,false,Sun Aug 22 2021 07:57:00 GMT+0000 (Coordinated Universal Time),Sun Aug 22 2021 07:57:00 GMT+0000 (Coordinated Universal Time),Tue Dec 21 2021 08:17:58 GMT+0000 (Coordinated Universal Time)
Corporate identity,corporate-identity,6122032eea7a95d320bc26d1,653acf41e882f528b3e64bc3,61c0f48ca88487161e38cf58,false,false,Mon Dec 20 2021 21:24:28 GMT+0000 (Coordinated Universal Time),Mon Dec 20 2021 21:24:28 GMT+0000 (Coordinated Universal Time),Tue Dec 21 2021 08:17:58 GMT+0000 (Coordinated Universal Time)
Critical thinking,critical-thinking,6122032eea7a95d320bc26d1,653acf41e882f528b3e64bc3,612203424f58540e540e4858,false,false,Sun Aug 22 2021 07:56:50 GMT+0000 (Coordinated Universal Time),Sun Aug 22 2021 07:56:50 GMT+0000 (Coordinated Universal Time),Tue Dec 21 2021 08:17:58 GMT+0000 (Coordinated Universal Time)
Design iteration,design-iteration,6122032eea7a95d320bc26d1,653acf41e882f528b3e64bc3,61c0f5f5518a3a150263b023,false,false,Mon Dec 20 2021 21:30:29 GMT+0000 (Coordinated Universal Time),Mon Dec 20 2021 21:30:29 GMT+0000 (Coordinated Universal Time),Tue Dec 21 2021 08:17:58 GMT+0000 (Coordinated Universal Time)
DialogFlow,dialogflow,6122032eea7a95d320bc26d1,653acf41e882f528b3e64bc3,61c99e2734e5b517e72d2105,false,false,Mon Dec 27 2021 11:06:15 GMT+0000 (Coordinated Universal Time),Mon Dec 27 2021 11:06:15 GMT+0000 (Coordinated Universal Time),Mon Dec 27 2021 11:10:08 GMT+0000 (Coordinated Universal Time)
Digital drawing,digital-drawing,6122032eea7a95d320bc26d1,653acf41e882f528b3e64bc3,61c0f552a8c547e666379201,false,false,Mon Dec 20 2021 21:27:46 GMT+0000 (Coordinated Universal Time),Mon Dec 20 2021 21:27:46 GMT+0000 (Coordinated Universal Time),Tue Dec 21 2021 08:17:58 GMT+0000 (Coordinated Universal Time)
Electronics,electronics,6122032eea7a95d320bc26d1,653acf41e882f528b3e64bc3,61c0ebd2518a3a288d634537,false,false,Mon Dec 20 2021 20:47:14 GMT+0000 (Coordinated Universal Time),Mon Dec 20 2021 20:47:14 GMT+0000 (Coordinated Universal Time),Tue Dec 21 2021 08:17:58 GMT+0000 (Coordinated Universal Time)
Figma,figma,6122032eea7a95d320bc26d1,653acf41e882f528b3e64bc3,61c18a5f66dec6ae8a208415,false,false,Tue Dec 21 2021 08:03:43 GMT+0000 (Coordinated Universal Time),Tue Dec 21 2021 08:03:43 GMT+0000 (Coordinated Universal Time),Tue Dec 21 2021 08:17:58 GMT+0000 (Coordinated Universal Time)
Furhat Robotics SDK,furhat-robotics-sdk,6122032eea7a95d320bc26d1,653acf41e882f528b3e64bc3,61c99dcaa2284ff4f427c452,false,false,Mon Dec 27 2021 11:04:42 GMT+0000 (Coordinated Universal Time),Mon Dec 27 2021 11:04:42 GMT+0000 (Coordinated Universal Time),Mon Dec 27 2021 11:10:08 GMT+0000 (Coordinated Universal Time)
Fusion360,fusion360,6122032eea7a95d320bc26d1,653acf41e882f528b3e64bc3,61c186820870e995a10c2712,false,false,Tue Dec 21 2021 07:47:14 GMT+0000 (Coordinated Universal Time),Tue Dec 21 2021 07:47:14 GMT+0000 (Coordinated Universal Time),Tue Dec 21 2021 08:17:58 GMT+0000 (Coordinated Universal Time)
Gamification,gamification,6122032eea7a95d320bc26d1,653acf41e882f528b3e64bc3,61c0e17a95d9e315ffa09907,false,false,Mon Dec 20 2021 20:03:06 GMT+0000 (Coordinated Universal Time),Mon Dec 20 2021 20:03:06 GMT+0000 (Coordinated Universal Time),Tue Dec 21 2021 08:17:58 GMT+0000 (Coordinated Universal Time)
Github,github,6122032eea7a95d320bc26d1,653acf41e882f528b3e64bc3,61c18a556a7dd8da9812e597,false,false,Tue Dec 21 2021 08:03:33 GMT+0000 (Coordinated Universal Time),Tue Dec 21 2021 08:03:33 GMT+0000 (Coordinated Universal Time),Tue Dec 21 2021 08:17:58 GMT+0000 (Coordinated Universal Time)
HTML,html,6122032eea7a95d320bc26d1,653acf41e882f528b3e64bc3,61c0dacde8d3936285aae83d,false,false,Mon Dec 20 2021 19:34:37 GMT+0000 (Coordinated Universal Time),Mon Dec 20 2021 19:34:37 GMT+0000 (Coordinated Universal Time),Tue Dec 21 2021 08:17:58 GMT+0000 (Coordinated Universal Time)
Interviewing,interviewing,6122032eea7a95d320bc26d1,653acf41e882f528b3e64bc3,61c0e3ceb555f56450bf87b8,false,false,Mon Dec 20 2021 20:13:02 GMT+0000 (Coordinated Universal Time),Mon Dec 20 2021 20:13:02 GMT+0000 (Coordinated Universal Time),Tue Dec 21 2021 08:17:58 GMT+0000 (Coordinated Universal Time)
Kinect,kinect,6122032eea7a95d320bc26d1,653acf41e882f528b3e64bc3,61c189c10870e923dd0c46aa,false,false,Tue Dec 21 2021 08:01:05 GMT+0000 (Coordinated Universal Time),Tue Dec 21 2021 08:01:05 GMT+0000 (Coordinated Universal Time),Tue Dec 21 2021 08:17:58 GMT+0000 (Coordinated Universal Time)
Knotting,knotting,6122032eea7a95d320bc26d1,653acf41e882f528b3e64bc3,61c1854fcfa7d745e6288a92,false,false,Tue Dec 21 2021 07:42:07 GMT+0000 (Coordinated Universal Time),Tue Dec 21 2021 07:42:07 GMT+0000 (Coordinated Universal Time),Tue Dec 21 2021 08:17:58 GMT+0000 (Coordinated Universal Time)
Kotlin,kotlin,6122032eea7a95d320bc26d1,653acf41e882f528b3e64bc3,61220368403008380a4e0e09,false,false,Sun Aug 22 2021 07:57:28 GMT+0000 (Coordinated Universal Time),Sun Aug 22 2021 07:57:28 GMT+0000 (Coordinated Universal Time),Tue Dec 21 2021 08:17:58 GMT+0000 (Coordinated Universal Time)
Kotlin,kotlin-2,6122032eea7a95d320bc26d1,653acf41e882f528b3e64bc3,61c99e5866276fa5190d0c64,false,false,Mon Dec 27 2021 11:07:04 GMT+0000 (Coordinated Universal Time),Mon Dec 27 2021 11:07:04 GMT+0000 (Coordinated Universal Time),Mon Dec 27 2021 11:10:08 GMT+0000 (Coordinated Universal Time)
Large user-group research,large-user-group-research,6122032eea7a95d320bc26d1,653acf41e882f528b3e64bc3,61c0e2a9b505fa3f0b1854dd,false,false,Mon Dec 20 2021 20:08:09 GMT+0000 (Coordinated Universal Time),Mon Dec 20 2021 20:08:09 GMT+0000 (Coordinated Universal Time),Tue Dec 21 2021 08:17:58 GMT+0000 (Coordinated Universal Time)
Logo design,logo-design,6122032eea7a95d320bc26d1,653acf41e882f528b3e64bc3,61c0f60b28b0aa064f9d08b2,false,false,Mon Dec 20 2021 21:30:51 GMT+0000 (Coordinated Universal Time),Mon Dec 20 2021 21:30:51 GMT+0000 (Coordinated Universal Time),Tue Dec 21 2021 08:17:58 GMT+0000 (Coordinated Universal Time)
Lottie,lottie,6122032eea7a95d320bc26d1,653acf41e882f528b3e64bc3,61c0f35990e82059166f0968,false,false,Mon Dec 20 2021 21:19:21 GMT+0000 (Coordinated Universal Time),Mon Dec 20 2021 21:19:21 GMT+0000 (Coordinated Universal Time),Tue Dec 21 2021 08:17:58 GMT+0000 (Coordinated Universal Time)
Marketing,marketing,6122032eea7a95d320bc26d1,653acf41e882f528b3e64bc3,61c18695ea7f6c58e9f8d176,false,false,Tue Dec 21 2021 07:47:33 GMT+0000 (Coordinated Universal Time),Tue Dec 21 2021 07:47:33 GMT+0000 (Coordinated Universal Time),Tue Dec 21 2021 08:17:58 GMT+0000 (Coordinated Universal Time)
Painting,painting,6122032eea7a95d320bc26d1,653acf41e882f528b3e64bc3,61c183e41774e208c2256d65,false,false,Tue Dec 21 2021 07:36:04 GMT+0000 (Coordinated Universal Time),Tue Dec 21 2021 07:36:04 GMT+0000 (Coordinated Universal Time),Tue Dec 21 2021 08:17:58 GMT+0000 (Coordinated Universal Time)
Pattern making,pattern-making,6122032eea7a95d320bc26d1,653acf41e882f528b3e64bc3,61c182d434f8de96212321b7,false,false,Tue Dec 21 2021 07:31:32 GMT+0000 (Coordinated Universal Time),Tue Dec 21 2021 07:31:32 GMT+0000 (Coordinated Universal Time),Tue Dec 21 2021 08:17:58 GMT+0000 (Coordinated Universal Time)
PHP,php,6122032eea7a95d320bc26d1,653acf41e882f528b3e64bc3,61c0dac073a9931457042a42,false,false,Mon Dec 20 2021 19:34:24 GMT+0000 (Coordinated Universal Time),Mon Dec 20 2021 19:34:24 GMT+0000 (Coordinated Universal Time),Tue Dec 21 2021 08:17:58 GMT+0000 (Coordinated Universal Time)
Planning,planning,6122032eea7a95d320bc26d1,653acf41e882f528b3e64bc3,6122035ff7882baf0cc8d800,false,false,Sun Aug 22 2021 07:57:19 GMT+0000 (Coordinated Universal Time),Sun Aug 22 2021 07:57:19 GMT+0000 (Coordinated Universal Time),Tue Dec 21 2021 08:17:58 GMT+0000 (Coordinated Universal Time)
Prototyping,prototyping,6122032eea7a95d320bc26d1,653acf41e882f528b3e64bc3,61c0d878f854d84a48e83fe0,false,false,Mon Dec 20 2021 19:24:40 GMT+0000 (Coordinated Universal Time),Mon Dec 20 2021 19:24:40 GMT+0000 (Coordinated Universal Time),Tue Dec 21 2021 08:17:58 GMT+0000 (Coordinated Universal Time)
Punch needling,punch-needling,6122032eea7a95d320bc26d1,653acf41e882f528b3e64bc3,61c18866bc8a9d1368cdc5fc,false,false,Tue Dec 21 2021 07:55:18 GMT+0000 (Coordinated Universal Time),Tue Dec 21 2021 07:55:18 GMT+0000 (Coordinated Universal Time),Tue Dec 21 2021 08:17:58 GMT+0000 (Coordinated Universal Time)
Python,python,6122032eea7a95d320bc26d1,653acf41e882f528b3e64bc3,61c18b46a4d83f468c917e55,false,false,Tue Dec 21 2021 08:07:34 GMT+0000 (Coordinated Universal Time),Tue Dec 21 2021 08:07:34 GMT+0000 (Coordinated Universal Time),Tue Dec 21 2021 08:17:58 GMT+0000 (Coordinated Universal Time)
SASS,sass,6122032eea7a95d320bc26d1,653acf41e882f528b3e64bc3,61c0dad24f0f66f962837199,false,false,Mon Dec 20 2021 19:34:42 GMT+0000 (Coordinated Universal Time),Mon Dec 20 2021 19:34:42 GMT+0000 (Coordinated Universal Time),Tue Dec 21 2021 08:17:58 GMT+0000 (Coordinated Universal Time)
Sony Vegas Pro,sony-vegas-pro,6122032eea7a95d320bc26d1,653acf41e882f528b3e64bc3,61c187dfdcac3ee47fcc3bdc,false,false,Tue Dec 21 2021 07:53:03 GMT+0000 (Coordinated Universal Time),Tue Dec 21 2021 07:53:03 GMT+0000 (Coordinated Universal Time),Tue Dec 21 2021 08:17:58 GMT+0000 (Coordinated Universal Time)
Speech Synthesis Markup Language,speech-synthesis-markup-language,6122032eea7a95d320bc26d1,653acf41e882f528b3e64bc3,61c99e47baad8913cfee2ca8,false,false,Mon Dec 27 2021 11:06:47 GMT+0000 (Coordinated Universal Time),Mon Dec 27 2021 11:06:47 GMT+0000 (Coordinated Universal Time),Mon Dec 27 2021 11:10:08 GMT+0000 (Coordinated Universal Time)
SQL,sql,6122032eea7a95d320bc26d1,653acf41e882f528b3e64bc3,61c18a685665cd3f1f897a43,false,false,Tue Dec 21 2021 08:03:52 GMT+0000 (Coordinated Universal Time),Tue Dec 21 2021 08:03:52 GMT+0000 (Coordinated Universal Time),Tue Dec 21 2021 08:17:58 GMT+0000 (Coordinated Universal Time)
Stenciling,stenciling,6122032eea7a95d320bc26d1,653acf41e882f528b3e64bc3,61c183c229604dc8e09cc06b,false,false,Tue Dec 21 2021 07:35:30 GMT+0000 (Coordinated Universal Time),Tue Dec 21 2021 07:35:30 GMT+0000 (Coordinated Universal Time),Tue Dec 21 2021 08:17:58 GMT+0000 (Coordinated Universal Time)
Storyboards,storyboards,6122032eea7a95d320bc26d1,653acf41e882f528b3e64bc3,61c9966ec7e9a90eeda3a3e0,false,false,Mon Dec 27 2021 10:33:18 GMT+0000 (Coordinated Universal Time),Mon Dec 27 2021 10:33:18 GMT+0000 (Coordinated Universal Time),Mon Dec 27 2021 11:10:08 GMT+0000 (Coordinated Universal Time)
Swift,swift,6122032eea7a95d320bc26d1,653acf41e882f528b3e64bc3,61c9966b37197e9462322bd5,false,false,Mon Dec 27 2021 10:33:15 GMT+0000 (Coordinated Universal Time),Mon Dec 27 2021 10:33:15 GMT+0000 (Coordinated Universal Time),Mon Dec 27 2021 11:10:08 GMT+0000 (Coordinated Universal Time)
Unity,unity,6122032eea7a95d320bc26d1,653acf41e882f528b3e64bc3,61c189c5cc90ef4d5d9a5d53,false,false,Tue Dec 21 2021 08:01:09 GMT+0000 (Coordinated Universal Time),Tue Dec 21 2021 08:01:09 GMT+0000 (Coordinated Universal Time),Tue Dec 21 2021 08:17:58 GMT+0000 (Coordinated Universal Time)
Usability testing,usability-testing,6122032eea7a95d320bc26d1,653acf41e882f528b3e64bc3,61c0d883cde9f7b4b3049710,false,false,Mon Dec 20 2021 19:24:51 GMT+0000 (Coordinated Universal Time),Mon Dec 20 2021 19:24:51 GMT+0000 (Coordinated Universal Time),Tue Dec 21 2021 08:17:58 GMT+0000 (Coordinated Universal Time)
Vuforia,vuforia,6122032eea7a95d320bc26d1,653acf41e882f528b3e64bc3,61c189cd6a7dd81c0e12e4ce,false,false,Tue Dec 21 2021 08:01:17 GMT+0000 (Coordinated Universal Time),Tue Dec 21 2021 08:01:17 GMT+0000 (Coordinated Universal Time),Tue Dec 21 2021 08:17:58 GMT+0000 (Coordinated Universal Time)
Watercoloring,watercoloring,6122032eea7a95d320bc26d1,653acf41e882f528b3e64bc3,61c185ceea7f6cacd3f8cd8e,false,false,Tue Dec 21 2021 07:44:14 GMT+0000 (Coordinated Universal Time),Tue Dec 21 2021 07:44:14 GMT+0000 (Coordinated Universal Time),Tue Dec 21 2021 08:17:58 GMT+0000 (Coordinated Universal Time)
Wireframing,wireframing,6122032eea7a95d320bc26d1,653acf41e882f528b3e64bc3,61c0d867488f8c3eb602f9cc,false,false,Mon Dec 20 2021 19:24:23 GMT+0000 (Coordinated Universal Time),Mon Dec 20 2021 19:24:23 GMT+0000 (Coordinated Universal Time),Tue Dec 21 2021 08:17:58 GMT+0000 (Coordinated Universal Time)
Wizard-Of-Oz,wizard-of-oz,6122032eea7a95d320bc26d1,653acf41e882f528b3e64bc3,61c0e256e10556751d5a8532,false,false,Mon Dec 20 2021 20:06:46 GMT+0000 (Coordinated Universal Time),Mon Dec 20 2021 20:06:46 GMT+0000 (Coordinated Universal Time),Tue Dec 21 2021 08:17:58 GMT+0000 (Coordinated Universal Time)
Xcode,xcode,6122032eea7a95d320bc26d1,653acf41e882f528b3e64bc3,61c99674815a3bac404d69b1,false,false,Mon Dec 27 2021 10:33:24 GMT+0000 (Coordinated Universal Time),Mon Dec 27 2021 10:33:24 GMT+0000 (Coordinated Universal Time),Mon Dec 27 2021 11:10:08 GMT+0000 (Coordinated Universal Time)
